{
  "camera_width": 1280,
  "camera_height": 480,
  "left_intrinsic_matrix": [
    [
      516.948952072726,
      0,
      302.918905544251
    ],
    [
      0,
      518.405885156811,
      250.041038660022
    ],
    [
      0,
      0,
      1
    ]
  ],
  "right_intrinsic_matrix": [
    [
      520.241187882662,
      0,
      298.806629873036
    ],
    [
      0,
      521.621500157644,
      252.543993471408
    ],
    [
      0,
      0,
      1
    ]
  ],
  "left_distortion": [
    [
      -0.0193069960791718,
      0.0679421944718872,
      0,
      0,
      0
    ]
  ],
  "right_distortion": [
    [
      -0.0465948500066725,
      0.160603008064816,
      0,
      0,
      0
    ]
  ],
  "rotation_matrix": [
    [
      0.999993180740250,
      0.000983434905322499,
      0.00355968099472725
    ],
    [
      -0.000974217098567523,
      0.999996170585194,
      -0.00259031194869799
    ],
    [
      -0.00356221476641818,
      0.00258682638259745,
      0.999990309430659
    ]
  ],
  "translation_matrix": [
    -120.620570414981,
    0.0227080690189801,
    0.375981294018237
  ]
}